index:7,title:Honey Nway Oo,picture:MainPicture/main7.jpg

index:1,title:Aye Wutyi Thaung,picture:MainPicture/main1.jpg

index:2,title:Khin Wint War,picture:MainPicture/main2.jpg

index:3,title:Theingi Maung Maung,picture:MainPicture/main3.jpg

index:4,title:Swal Myat Thinzar,picture:MainPicture/main4.jpg

index:5,title:Ei Chaw Po,picture:MainPicture/main5.jpg

index:6,title:Kin Yati Thin,picture:MainPicture/main6.jpg

index:8,title:Su Hlaing Win,picture:MainPicture/main8.jpg

index:9,title:Htar Hla Yee,picture:MainPicture/main9.jpg

index:10,title:Su Eaint San,picture:MainPicture/main10.jpg

index:11,title:Su Yati Lin,picture:MainPicture/main11.jpg

index:12,title:Naw Phaw Eh Htar,picture:MainPicture/main12.jpg

index:13,title:M Seng Lu,picture:MainPicture/main13.jpg

index:14,title:Lu Lu Aung,picture:MainPicture/main14.jpg

index:15,title:Win Shwe Yee Thin,picture:MainPicture/main15.jpg

index:16,title:Wutt Hmone Shwe Yi,picture:MainPicture/main16.jpg
