index:7,picture:Picture/honey_nway_oo_1.jpg
index:7,picture:Picture/honey_nway_oo_2.jpg
index:7,picture:Picture/honey_nway_oo_3.jpg
index:7,picture:Picture/honey_nway_oo_4.jpg
index:7,picture:Picture/honey_nway_oo_5.jpg
index:7,picture:Picture/honey_nway_oo_6.jpg
index:7,picture:Picture/honey_nway_oo_7.jpg
index:7,picture:Picture/honey_nway_oo_8.jpg
index:7,picture:Picture/honey_nway_oo_9.jpg
index:7,picture:Picture/honey_nway_oo_10.jpg
index:7,picture:Picture/honey_nway_oo_11.jpg
index:7,picture:Picture/honey_nway_oo_12.jpg
index:7,picture:Picture/honey_nway_oo_13.jpg


index:1,picture:Picture/aye_wut_yi_thaung_1.jpg
index:1,picture:Picture/aye_wut_yi_thaung_2.jpg
index:1,picture:Picture/aye_wut_yi_thaung_3.jpg
index:1,picture:Picture/aye_wut_yi_thaung_4.jpg
index:1,picture:Picture/aye_wut_yi_thaung_5.jpg


index:2,picture:Picture/khin_wint_war_1.jpg
index:2,picture:Picture/khin_wint_war_2.jpg
index:2,picture:Picture/khin_wint_war_3.jpg
index:2,picture:Picture/khin_wint_war_4.jpg
index:2,picture:Picture/khin_wint_war_5.jpg

index:3,picture:Picture/theingi_mg_mg_1.jpg
index:3,picture:Picture/theingi_mg_mg_2.jpg
index:3,picture:Picture/theingi_mg_mg_3.jpg
index:3,picture:Picture/theingi_mg_mg_4.jpg
index:3,picture:Picture/theingi_mg_mg_5.jpg


index:4,picture:Picture/swal_myat_thinzar_1.jpg
index:4,picture:Picture/swal_myat_thinzar_2.jpg
index:4,picture:Picture/swal_myat_thinzar_3.jpg
index:4,picture:Picture/swal_myat_thinzar_4.jpg
index:4,picture:Picture/swal_myat_thinzar_5.jpg


index:5,picture:Picture/ei_chaw_1.jpg
index:5,picture:Picture/ei_chaw_2.jpg
index:5,picture:Picture/ei_chaw_3.jpg
index:5,picture:Picture/ei_chaw_4.jpg
index:5,picture:Picture/ei_chaw_5.jpg
index:5,picture:Picture/ei_chaw_6.jpg
index:5,picture:Picture/ei_chaw_7.jpg
index:5,picture:Picture/ei_chaw_8.jpg
index:5,picture:Picture/ei_chaw_9.jpg


index:6,picture:Picture/khin_yati_thin_1.jpg
index:6,picture:Picture/khin_yati_thin_2.jpg
index:6,picture:Picture/khin_yati_thin_3.jpg
index:6,picture:Picture/khin_yati_thin_4.jpg
index:6,picture:Picture/khin_yati_thin_5.jpg
